{"fooling": -0.21641943379926185, "discriminator_loss": 0.21641943379926185, "_runtime": 1742.3274698257446, "_step": 1112, "_timestamp": 1665622246.848001, "generator_loss": 0.21641943379926185, "epoch": 999, "kernel_scale": 0.5000000596046448, "true_log_likelihood": -1.8740509748458862, "true_mae": 0.3879804313182831, "best_epoch": 19, "log_likelihood": -1.4809684753417969, "mae": 0.398106187582016, "test_log_likelihood_true": -1.9281632900238037, "test_mae_mean": 0.4009907603263855, "test_log_likelihood_std_dev": 0.0003604444226899895, "test_mae_std_dev": 2.7499853941905037e-05, "test_mae_true": 0.4010685682296753, "test_log_likelihood_mean": -1.9283589601516724}
