{"fooling": 0.3365621567517519, "epoch": 999, "_runtime": 1477.3318774700165, "discriminator_loss": -20.796517543792724, "_step": 1412, "_timestamp": 1665380423.2485633, "generator_loss": -0.12248943734914064, "kernel_scale": 0.09614279121160507, "true_log_likelihood": -2.095078468322754, "true_mae": 1.5016462802886963, "best_epoch": 114, "log_likelihood": -1.5010877847671509, "mae": 1.2082312107086182, "test_mae_std_dev": 0.0013665406667350431, "test_mae_mean": 1.1807823419570922, "test_log_likelihood_mean": -1.7194979190826416, "test_log_likelihood_std_dev": 0.0671052978641567, "test_mae_true": 1.1855485439300537, "test_log_likelihood_true": -1.8256573677062988}
