{"epoch": 999, "generator_loss": 0.01597432859603371, "_timestamp": 1664857289.884581, "discriminator_loss": -0.9014062133979108, "_runtime": 966.2116634845734, "fooling": 0.49578509401919235, "_step": 1399, "kernel_scale": 0.03485528379678726, "true_mae": 0.18509922921657562, "true_log_likelihood": -0.026990171521902084, "best_epoch": 684, "log_likelihood": 0.05091361328959465, "mae": 0.18202771246433258}
