{"_timestamp": 1665387123.387746, "epoch": 999, "discriminator_loss": 1.743123567700386, "fooling": -1.743123567700386, "_step": 1412, "_runtime": 681.8161408901215, "generator_loss": 1.743123567700386, "kernel_scale": 0.5000000596046448, "true_mae": 0.8413283824920654, "true_log_likelihood": -2.500192642211914, "best_epoch": 4, "log_likelihood": -2.3522841930389404, "mae": 0.8328486084938049, "test_log_likelihood_std_dev": 0.0018711243710485112, "test_log_likelihood_mean": -2.2145573616027834, "test_mae_true": 0.8128523826599121, "test_mae_mean": 0.8127573132514954, "test_mae_std_dev": 0.00016704217383728694, "test_log_likelihood_true": -2.2116222381591797}
