{"_runtime": 241.61018228530884, "discriminator_loss": -0.009611906334757805, "fooling": 0.4803868731856346, "_timestamp": 1665574742.7969608, "generator_loss": 0.07898517498746514, "_step": 209, "epoch": 149, "kernel_scale": 0.5000000596046448, "true_log_likelihood": -2.3942131996154785, "true_mae": 2.1730003356933594}
