{"fooling": 0.4950740100189288, "epoch": 8, "_runtime": 723.0009932518005, "_timestamp": 1665588617.0915675, "generator_loss": 0.01594329072746329, "discriminator_loss": -0.33647091288935, "_step": 8}
