{"_step": 2212, "epoch": 1999, "_runtime": 447.42733669281006, "discriminator_loss": 0.18719836076100668, "_timestamp": 1665664176.516401, "fooling": 0.5296159916453891, "generator_loss": -0.1449370640847418, "kernel_scale": 0.0059038372710347176, "true_mae": 0.31017473340034485, "true_log_likelihood": -0.5630608201026917, "best_epoch": 1199, "log_likelihood": -0.20603792369365692, "mae": 0.3731284737586975, "test_mae_std_dev": 0.0035513102867677226, "test_mae_true": 0.361662894487381, "test_mae_mean": 0.35730566680431364, "test_log_likelihood_mean": -0.19713278412818908, "test_log_likelihood_std_dev": 0.009576581054281066, "test_log_likelihood_true": -0.2231401950120926}
