{"_timestamp": 1665763917.8578725, "_runtime": 3710.1054606437683, "true_mae": 0.4682253596547708, "_step": 12, "true_log_likelihood": -0.6962744890411499, "kernel_scale": 0.027046214789152145, "test_mae_mean": 0.4679680347442627, "test_log_likelihood_std_dev": 0.0007060943657157306, "test_log_likelihood_mean": -0.7037866592407227, "test_mae_std_dev": 0.00024270399826356552, "test_mae_true": 0.4679318484301669, "test_log_likelihood_true": -0.6948828295429768}
