{"_step": 12, "true_log_likelihood": -1.9851001303105444, "_runtime": 2184.8031344413757, "_timestamp": 1665578688.6746895, "true_mae": 1.3488658953329529, "kernel_scale": 0.5000000596046448, "test_log_likelihood_mean": -2.0341806411743164, "test_log_likelihood_true": -2.008707204981465, "test_log_likelihood_std_dev": 0.0018795323570147712, "test_mae_mean": 1.3930360794067382, "test_mae_std_dev": 0.0009235482205367557, "test_mae_true": 1.388048537007332}
