{"_step": 1412, "epoch": 999, "fooling": -12.895591037273407, "discriminator_loss": 12.895591037273407, "_runtime": 673.9329030513763, "generator_loss": 12.895591037273407, "_timestamp": 1665403029.6811368, "kernel_scale": 0.5000000596046448, "true_mae": 2.0961005687713623, "true_log_likelihood": -16.19019889831543, "best_epoch": 4, "log_likelihood": -15.039422988891602, "mae": 2.143305540084839, "test_log_likelihood_std_dev": 0.006014656281845743, "test_mae_true": 2.042581081390381, "test_log_likelihood_true": -11.914840698242188, "test_log_likelihood_mean": -11.907362270355225, "test_mae_mean": 2.0422791719436644, "test_mae_std_dev": 0.0002669645353434115}
