{"true_log_likelihood": -1.7566634328829924, "_timestamp": 1665761292.2614188, "true_mae": 0.8351918165857158, "_step": 8, "_runtime": 2447.522437095642, "kernel_scale": 0.5000000596046448}
