{"generator_loss": 0.03364187343478469, "_step": 1399, "_runtime": 191.0414378643036, "fooling": 0.4916061503546579, "epoch": 999, "discriminator_loss": -0.0015663021643246924, "_timestamp": 1664763836.383842, "kernel_scale": 0.03485528379678726, "true_mae": 0.5259735584259033, "true_log_likelihood": -0.5036935806274414, "best_epoch": 939, "log_likelihood": -0.18780237436294556, "mae": 0.49288448691368103}
