{"_runtime": 195.33582592010498, "_timestamp": 1665555702.323662, "true_mae": 0.8440905249505056, "true_log_likelihood": -1.4988344362609178, "_step": 0}
