{"fooling": 0.4801147472858429, "_timestamp": 1665763163.5280974, "generator_loss": 0.5142349805310369, "_runtime": 3524.457477092743, "discriminator_loss": 1.650273892879486, "epoch": 999, "_step": 1412, "kernel_scale": 0.0010000000474974513, "true_log_likelihood": 1.2112603187561035, "true_mae": 0.4850503206253052, "best_epoch": 294, "log_likelihood": 1.7794333696365356, "mae": 0.46766582131385803, "test_mae_std_dev": 0.0035373724773056867, "test_log_likelihood_std_dev": 0.0006421127673369302, "test_mae_true": 0.47219666838645935, "test_mae_mean": 0.4742779791355133, "test_log_likelihood_mean": 1.7781041979789733, "test_log_likelihood_true": 1.77842378616333}
