{"_step": 2212, "_runtime": 467.75075602531433, "fooling": 0.49693155619833207, "epoch": 1999, "_timestamp": 1665665143.9506233, "discriminator_loss": -0.007397206810613473, "generator_loss": 0.01226990618225601, "kernel_scale": 0.005200597457587719, "true_log_likelihood": -0.5927699208259583, "true_mae": 0.29531002044677734, "best_epoch": 1279, "log_likelihood": -0.2280050367116928, "mae": 0.5418049693107605, "test_mae_true": 0.5325003862380981, "test_log_likelihood_mean": -0.23265601694583893, "test_log_likelihood_std_dev": 0.03730958868120475, "test_log_likelihood_true": -0.1681576520204544, "test_mae_mean": 0.5326016664505004, "test_mae_std_dev": 0.000896562096251332}
