{"_step": 12, "true_mae": 0.4173514702235762, "_runtime": 7875.9468450546265, "_timestamp": 1665923632.5372841, "true_log_likelihood": -1.391538003172562, "kernel_scale": 0.5000000596046448, "test_log_likelihood_mean": -1.8902164459228517, "test_mae_true": 0.42492571825262737, "test_mae_std_dev": 0.0007033238180827835, "test_mae_mean": 0.43465923964977266, "test_log_likelihood_true": -1.6225983551563299, "test_log_likelihood_std_dev": 0.0036662741393388245}
