{"generator_loss": 0.053532568535890925, "_timestamp": 1665638215.8168378, "epoch": 999, "_runtime": 975.1828105449677, "discriminator_loss": 0.053532568535890925, "fooling": -0.053532568535890925, "_step": 1112, "kernel_scale": 0.18126825988292694, "true_mae": 0.3001946806907654, "true_log_likelihood": -0.6973596811294556, "best_epoch": 299, "log_likelihood": -0.5987262725830078, "mae": 0.2987528443336487, "test_mae_std_dev": 0.00013048209415463902, "test_log_likelihood_true": -0.6663061380386353, "test_log_likelihood_std_dev": 0.0008250861947229183, "test_log_likelihood_mean": -0.6674951612949371, "test_mae_mean": 0.30873743891716005, "test_mae_true": 0.3087727129459381}
