{"fooling": 0.4848132218633379, "generator_loss": 0.0645033628679812, "discriminator_loss": -0.029473347323281423, "epoch": 999, "_step": 1399, "_runtime": 196.74248957633972, "_timestamp": 1664759500.7393696, "kernel_scale": 0.00863728579133749, "true_log_likelihood": -0.24903550744056702, "true_mae": 0.5363956093788147, "best_epoch": 989, "log_likelihood": -0.2319381684064865, "mae": 0.509036123752594}
