{"_step": 9, "epoch": 9, "generator_loss": 0.9990422868948379, "_runtime": 320.56472182273865, "_timestamp": 1665586767.034892, "fooling": -0.9990422868948379, "discriminator_loss": 0.9990422868948379}
