{"epoch": 999, "_timestamp": 1665662422.4513538, "generator_loss": 0.21463453935252297, "_runtime": 142.91505908966064, "discriminator_loss": 0.21463453935252297, "_step": 1112, "fooling": -0.21463453935252297, "kernel_scale": 0.2336060106754303, "true_mae": 0.3367966115474701, "true_log_likelihood": -0.6987699270248413, "best_epoch": 999, "log_likelihood": -0.6987699270248413, "mae": 0.3367966115474701, "test_log_likelihood_mean": -0.6406330645084382, "test_mae_true": 0.33440279960632324, "test_mae_std_dev": 0.00010112467610733435, "test_log_likelihood_true": -0.6408072710037231, "test_mae_mean": 0.3344053983688354, "test_log_likelihood_std_dev": 0.0002575788101388407}
