{"true_mae": 0.3218868536733049, "_runtime": 800.1399891376495, "true_log_likelihood": -0.6518071272324316, "_step": 12, "_timestamp": 1665639336.783815, "kernel_scale": 0.07460272312164307, "test_log_likelihood_std_dev": 0.004042914968818279, "test_mae_std_dev": 0.00047085556209392376, "test_log_likelihood_true": -0.6534732444689887, "test_mae_mean": 0.3329444915056229, "test_mae_true": 0.330678639624031, "test_log_likelihood_mean": -0.6951995551586151}
