{"_step": 1112, "_timestamp": 1665668130.673231, "epoch": 999, "_runtime": 254.62758564949036, "discriminator_loss": 0.04264759593125847, "fooling": -0.04264759593125847, "generator_loss": 0.04264759593125847, "kernel_scale": 0.5000000596046448, "true_mae": 0.1402696669101715, "true_log_likelihood": -1.1342638731002808, "best_epoch": 679, "log_likelihood": -1.0938951969146729, "mae": 0.16315419971942902, "test_log_likelihood_std_dev": 0.0004945474010091368, "test_log_likelihood_mean": -0.6550283372402191, "test_mae_mean": 0.13053685277700425, "test_mae_std_dev": 0.00014806908749550392, "test_log_likelihood_true": -0.6550760865211487, "test_mae_true": 0.13065549731254578}
