{"_timestamp": 1665553854.8905137, "fooling": -1.1879168176651, "_step": 1412, "generator_loss": 1.1879168176651, "_runtime": 711.6114642620087, "epoch": 999, "discriminator_loss": 1.1879168176651, "kernel_scale": 0.5000000596046448, "true_log_likelihood": -1.738878607749939, "true_mae": 0.8442554473876953, "best_epoch": 4, "log_likelihood": -1.701855182647705, "mae": 0.8411227464675903, "test_mae_std_dev": 0.00010589231352121216, "test_mae_mean": 0.836348009109497, "test_log_likelihood_std_dev": 0.00031801691122217943, "test_mae_true": 0.8361210823059082, "test_log_likelihood_mean": -1.7003669500350953, "test_log_likelihood_true": -1.6997202634811401}
