{"true_log_likelihood": -1.5759242284333455, "_runtime": 1874.1988048553467, "_timestamp": 1665546608.1502347, "_step": 12, "true_mae": 0.8344104105698843, "kernel_scale": 0.5000000596046448, "test_log_likelihood_mean": -1.633898091316223, "test_mae_mean": 0.8530689120292664, "test_mae_std_dev": 0.0009011319144537051, "test_log_likelihood_true": -1.5905076185277154, "test_mae_true": 0.8502498893046073, "test_log_likelihood_std_dev": 0.0010726448127125266}
