{"_timestamp": 1665663395.292534, "generator_loss": 0.15121780128942597, "epoch": 1999, "fooling": 0.46362102031707764, "_runtime": 383.97443532943726, "_step": 2212, "discriminator_loss": -0.08313991088006231, "kernel_scale": 0.004581124521791935, "true_mae": 0.3051880896091461, "true_log_likelihood": -0.5943669080734253, "best_epoch": 599, "log_likelihood": -0.27950870990753174, "mae": 0.5394698977470398, "test_mae_true": 0.5313414931297302, "test_mae_std_dev": 0.0013871191513854856, "test_log_likelihood_std_dev": 0.02986250174145318, "test_log_likelihood_mean": -0.25787396281957625, "test_mae_mean": 0.5322878658771515, "test_log_likelihood_true": -0.30025628209114075}
