{"_runtime": 1513.1791832447052, "generator_loss": 0.1309376892913133, "_step": 1412, "_timestamp": 1665552652.0262039, "discriminator_loss": -4.3413252663612365, "epoch": 999, "fooling": 0.4729118701815605, "kernel_scale": 0.03485528379678726, "true_mae": 0.8946983218193054, "true_log_likelihood": -1.3347384929656982, "best_epoch": 174, "log_likelihood": -1.2004241943359375, "mae": 0.808559238910675, "test_mae_std_dev": 0.0010128396797255226, "test_log_likelihood_true": -1.259965181350708, "test_log_likelihood_std_dev": 0.012070545971069139, "test_mae_true": 0.8314226269721985, "test_mae_mean": 0.8311351180076599, "test_log_likelihood_mean": -1.244136917591095}
