{"_runtime": 194.69240546226501, "_timestamp": 1665662635.0021641, "_step": 1112, "fooling": 0.50169438123703, "generator_loss": -0.008191899292998843, "epoch": 999, "discriminator_loss": -0.010978341723481813, "kernel_scale": 0.003554760478436947, "true_mae": 0.3902910351753235, "true_log_likelihood": -0.8802658319473267, "best_epoch": 599, "log_likelihood": -0.27950870990753174, "mae": 0.5394698977470398, "test_log_likelihood_std_dev": 0.03907110527835126, "test_log_likelihood_mean": -0.26409529596567155, "test_mae_std_dev": 0.0013871191513854856, "test_mae_true": 0.5327538251876831, "test_mae_mean": 0.5322878658771515, "test_log_likelihood_true": -0.2944777011871338}
