{"loss": 0.7719068974256516, "epoch": 199, "_timestamp": 1664757657.024442, "_step": 219, "_runtime": 131.52421927452087, "true_log_likelihood": -0.7941091656684875, "true_mae": 1.2455418109893799, "best_epoch": 199, "log_likelihood": -0.7941091656684875, "mae": 1.2455418109893799}
