{"discriminator_loss": -12.480401577949523, "_timestamp": 1665576414.3666952, "fooling": 0.4469890519976616, "epoch": 999, "_runtime": 1604.0455539226532, "generator_loss": 0.15172401058254764, "_step": 1412, "kernel_scale": 0.003554760478436947, "true_mae": 1.3896563053131104, "true_log_likelihood": -1.8318357467651367, "best_epoch": 719, "log_likelihood": -1.2389329671859741, "mae": 1.3457729816436768, "test_mae_true": 1.3903477191925049, "test_mae_std_dev": 0.00287437063273892, "test_log_likelihood_mean": -1.3343037128448487, "test_mae_mean": 1.3928119778633117, "test_log_likelihood_std_dev": 0.029245929646197925, "test_log_likelihood_true": -1.3002214431762695}
