{"discriminator_loss": 0.0011489839002024383, "generator_loss": 1.7941289115697145e-05, "epoch": 999, "_runtime": 206.25380206108093, "fooling": 0.5000138819217682, "_timestamp": 1664883332.1125255, "_step": 1399, "kernel_scale": 0.5000000596046448, "true_mae": 1.219078540802002, "true_log_likelihood": -2.084609031677246, "best_epoch": 809, "log_likelihood": -1.8516570329666138, "mae": 1.2330619096755981}
