{"true_log_likelihood": -0.7090134133185558, "_runtime": 10.078665971755981, "true_mae": 0.35107304643411197, "_step": 12, "_timestamp": 1665671862.1540375, "kernel_scale": 0.07460272312164307, "test_log_likelihood_mean": -0.7119031190872193, "test_log_likelihood_true": -0.6563334140351545, "test_mae_std_dev": 0.0022107769271478505, "test_mae_true": 0.3238725120837982, "test_log_likelihood_std_dev": 0.015251364665393317, "test_mae_mean": 0.3260366261005402}
