{"generator_loss": -0.057214122042059896, "fooling": 0.2655021409620531, "_timestamp": 1665410740.4873068, "epoch": 999, "discriminator_loss": 411.21427680969236, "_step": 1412, "_runtime": 1522.9577338695526, "kernel_scale": 0.18126825988292694, "true_log_likelihood": -8.735637664794922, "true_mae": 5.222516059875488, "best_epoch": 44, "log_likelihood": -1.6196997165679932, "mae": 1.1968379020690918, "test_log_likelihood_true": -1.5901402235031128, "test_log_likelihood_mean": -1.597751498222351, "test_mae_std_dev": 0.0013080769805379872, "test_log_likelihood_std_dev": 0.011435436165442577, "test_mae_mean": 1.2169297814369202, "test_mae_true": 1.2174626588821411}
