{"discriminator_loss": 0.25826630824142033, "generator_loss": 0.25826630824142033, "_step": 1112, "_runtime": 155.48257637023926, "_timestamp": 1665671571.433164, "epoch": 999, "fooling": -0.25826630824142033, "kernel_scale": 0.1406564861536026, "true_log_likelihood": -0.5503197312355042, "true_mae": 0.3279009759426117, "best_epoch": 979, "log_likelihood": -0.4462549686431885, "mae": 0.19351781904697418, "test_mae_true": 0.19131852686405182, "test_log_likelihood_mean": -0.40558884739875795, "test_log_likelihood_std_dev": 0.0003423303894338137, "test_mae_mean": 0.19125525504350663, "test_log_likelihood_true": -0.4060567319393158, "test_mae_std_dev": 0.00011490113724679397}
