{"fooling": 0.5107848359147708, "_step": 1112, "generator_loss": -0.005966371468675788, "epoch": 999, "_runtime": 4405.871748209, "_timestamp": 1665593147.3916438, "discriminator_loss": 12.850809333746632, "kernel_scale": 0.0027583418413996696, "true_log_likelihood": -0.08266245573759079, "true_mae": 0.23175136744976044, "best_epoch": 339, "log_likelihood": 0.7670702934265137, "mae": 0.24601712822914124, "test_log_likelihood_true": 0.8515827655792236, "test_log_likelihood_std_dev": 3.9010368775379898, "test_mae_mean": 0.25775702595710753, "test_mae_std_dev": 0.0011003101399798423, "test_mae_true": 0.25691792368888855, "test_log_likelihood_mean": -3.118652880936861}
