{"epoch": 999, "discriminator_loss": 6.340388989448547, "generator_loss": 6.340388989448547, "_step": 1399, "_runtime": 150.37472009658813, "_timestamp": 1664941243.5525851, "fooling": -6.340388989448547, "kernel_scale": 0.5000000596046448, "true_mae": 1.329557180404663, "true_log_likelihood": -8.46550464630127, "best_epoch": 184, "log_likelihood": -8.124065399169922, "mae": 1.3877500295639038}
