{"true_mae": 1.273827327554888, "true_log_likelihood": -2.1357357400005137, "_runtime": 1959.8163709640503, "_timestamp": 1665414407.701313, "_step": 12, "kernel_scale": 0.5000000596046448, "test_log_likelihood_std_dev": 0.011174124253159787, "test_log_likelihood_true": -2.1339236950367164, "test_mae_true": 1.2924582446030697, "test_mae_std_dev": 0.0019872726935217743, "test_log_likelihood_mean": -2.5348973274230957, "test_mae_mean": 1.2978792786598206}
