{"_timestamp": 1665411538.4314125, "fooling": -4.056047935485839, "_step": 1412, "epoch": 999, "generator_loss": 4.056047935485839, "discriminator_loss": 4.056047935485839, "_runtime": 722.4777932167053, "kernel_scale": 0.5000000596046448, "true_mae": 1.2906712293624878, "true_log_likelihood": -4.725736618041992, "best_epoch": 4, "log_likelihood": -4.2795515060424805, "mae": 1.2829951047897339, "test_mae_mean": 1.302207338809967, "test_log_likelihood_mean": -4.257562923431396, "test_log_likelihood_true": -4.252378940582275, "test_log_likelihood_std_dev": 0.005517909270293436, "test_mae_true": 1.302217960357666, "test_mae_std_dev": 0.0002719026100170101}
