{"_runtime": 194.23357892036438, "true_mae": 0.8440905249505056, "true_log_likelihood": -1.4988344362609178, "_step": 0, "_timestamp": 1665556501.6432576}
