{"_runtime": 703.5215418338776, "generator_loss": 3.205438814163208, "discriminator_loss": 3.205438814163208, "_step": 1412, "_timestamp": 1665568731.9943347, "epoch": 999, "fooling": -3.205438814163208, "kernel_scale": 0.5000000596046448, "true_mae": 1.3516693115234375, "true_log_likelihood": -3.6334104537963867, "best_epoch": 4, "log_likelihood": -3.2339465618133545, "mae": 1.3642456531524658, "test_mae_mean": 1.3999417781829835, "test_log_likelihood_true": -3.3367421627044678, "test_mae_std_dev": 0.0002887469969545503, "test_mae_true": 1.3996047973632812, "test_log_likelihood_mean": -3.341869068145752, "test_log_likelihood_std_dev": 0.0018960901602213744}
