{"_timestamp": 1665761940.310967, "discriminator_loss": 0.23289866089820863, "epoch": 999, "fooling": -0.23289866089820863, "generator_loss": 0.23289866089820863, "_step": 1412, "_runtime": 1818.5735323429108, "kernel_scale": 0.2336060106754303, "true_mae": 0.46761706471443176, "true_log_likelihood": -0.696323037147522, "best_epoch": 14, "log_likelihood": -0.6959586143493652, "mae": 0.4681161046028137, "test_mae_mean": 0.4679503709077835, "test_log_likelihood_true": -0.6947687268257141, "test_log_likelihood_mean": -0.6949225425720215, "test_mae_true": 0.4678981304168701, "test_log_likelihood_std_dev": 4.122428217574568e-05, "test_mae_std_dev": 2.4190034725247326e-05}
