{"generator_loss": 1.7941289115697145e-05, "_runtime": 202.72376251220703, "discriminator_loss": 0.0011489839002024383, "_step": 1412, "fooling": 0.5000138819217682, "_timestamp": 1665035535.3714328, "epoch": 999, "kernel_scale": 0.5000000596046448, "true_mae": 1.219078540802002, "true_log_likelihood": -2.084609031677246, "best_epoch": 809, "log_likelihood": -1.8516570329666138, "mae": 1.2330619096755981, "test_log_likelihood_std_dev": 0.02093060379922845, "test_mae_true": 1.1666191816329956, "test_mae_mean": 1.1749999165534972, "test_log_likelihood_mean": -1.5057133555412292, "test_mae_std_dev": 0.00795074476112417, "test_log_likelihood_true": -1.5001718997955322}
