{"_runtime": 2020.158085823059, "true_mae": 1.2560740948931326, "true_log_likelihood": -2.048909245604358, "_step": 12, "_timestamp": 1665409161.4828286, "kernel_scale": 0.5000000596046448, "test_log_likelihood_true": -2.0131991657091666, "test_log_likelihood_mean": -2.259284162521362, "test_mae_std_dev": 0.0017469732751366326, "test_log_likelihood_std_dev": 0.006786722634794917, "test_mae_mean": 1.2293529510498047, "test_mae_true": 1.2251764463660608}
