{"fooling": 0.2633904564380646, "generator_loss": -0.06666490090545267, "_timestamp": 1665398451.5856318, "_step": 1412, "discriminator_loss": -64.36487869262696, "epoch": 999, "_runtime": 1442.0120453834534, "kernel_scale": 0.3010551333427429, "true_log_likelihood": -3.6283035278320312, "true_mae": 1.562333106994629, "best_epoch": 554, "log_likelihood": -2.1202986240386963, "mae": 2.1455750465393066, "test_log_likelihood_mean": -2.0703234672546387, "test_mae_mean": 2.0311314344406126, "test_mae_true": 2.0362589359283447, "test_log_likelihood_true": -2.06913161277771, "test_mae_std_dev": 0.0027057053791803816, "test_log_likelihood_std_dev": 0.0029040181762845212}
