{"fooling": 0.46038212478160856, "epoch": 999, "discriminator_loss": -3.1020116806030273, "_runtime": 1265.850555896759, "generator_loss": -0.0028069739090278746, "_timestamp": 1665574151.9077826, "_step": 1412, "kernel_scale": 0.01434502936899662, "true_log_likelihood": -1.8354434967041016, "true_mae": 1.3408901691436768, "best_epoch": 874, "log_likelihood": -1.710775375366211, "mae": 1.3773444890975952, "test_log_likelihood_std_dev": 0.023604246944487917, "test_mae_true": 1.4098032712936401, "test_mae_mean": 1.4094503045082092, "test_mae_std_dev": 0.0018594417900100974, "test_log_likelihood_true": -1.780762791633606, "test_log_likelihood_mean": -1.7950092434883118}
