{"_runtime": 1528.8936598300934, "discriminator_loss": -11.188642554283142, "fooling": 0.42457834772765635, "epoch": 999, "_step": 1412, "_timestamp": 1665572739.5667293, "generator_loss": -0.07502799060195685, "kernel_scale": 0.023824593052268028, "true_mae": 2.5006840229034424, "true_log_likelihood": -2.6908888816833496, "best_epoch": 89, "log_likelihood": -1.8538100719451904, "mae": 1.3768651485443115, "test_mae_mean": 1.4112998962402343, "test_mae_true": 1.413923740386963, "test_log_likelihood_mean": -1.8829225897789001, "test_log_likelihood_true": -1.8926011323928833, "test_log_likelihood_std_dev": 0.015563271765564228, "test_mae_std_dev": 0.0016034250187875812}
