{"fooling": 0.5000044652819633, "_runtime": 1475.6476428508759, "discriminator_loss": 2.703029297208559e-06, "generator_loss": -1.7923840362641387e-05, "_timestamp": 1665386276.5771837, "epoch": 999, "_step": 1412, "kernel_scale": 0.07460272312164307, "true_log_likelihood": -1.3253216743469238, "true_mae": 0.821556806564331, "best_epoch": 364, "log_likelihood": -1.2550077438354492, "mae": 0.7941579818725586, "test_mae_std_dev": 0.0004828718272996066, "test_log_likelihood_true": -1.2634174823760986, "test_log_likelihood_std_dev": 0.04122921602595195, "test_mae_true": 0.7807179093360901, "test_mae_mean": 0.7791283071041107, "test_log_likelihood_mean": -1.280467438697815}
