{"_timestamp": 1665671037.0418847, "epoch": 1999, "_step": 2212, "generator_loss": -0.07834635033375686, "discriminator_loss": 0.04253855678770277, "_runtime": 466.10322284698486, "fooling": 0.5099553631411659, "kernel_scale": 0.0059038372710347176, "true_log_likelihood": 0.5552213788032532, "true_mae": 0.17241914570331573, "best_epoch": 1979, "log_likelihood": 0.5907818078994751, "mae": 0.1753520965576172, "test_log_likelihood_true": 0.0924181118607521, "test_log_likelihood_mean": 0.056307177618145944, "test_mae_std_dev": 0.0014710900837991616, "test_log_likelihood_std_dev": 0.049476438468540024, "test_mae_mean": 0.16273575276136398, "test_mae_true": 0.16276815533638}
