{"true_log_likelihood": -1.9851001303105444, "true_mae": 1.3488658953329529, "_step": 12, "_runtime": 2106.755629301071, "_timestamp": 1665570846.7931187, "kernel_scale": 0.5000000596046448, "test_log_likelihood_std_dev": 0.0018795323570147712, "test_mae_true": 1.388048537007332, "test_log_likelihood_true": -2.008707204981465, "test_log_likelihood_mean": -2.0341806411743164, "test_mae_std_dev": 0.0009235482205367557, "test_mae_mean": 1.3930360794067382}
