{"_timestamp": 1665668758.5664973, "_runtime": 39.550111055374146, "true_mae": 0.1825658075844601, "_step": 12, "true_log_likelihood": -0.46291154597305134, "kernel_scale": 0.5000000596046448, "test_log_likelihood_std_dev": 0.0008607157144129085, "test_mae_mean": 0.13456399440765382, "test_log_likelihood_true": 0.20102292189492038, "test_log_likelihood_mean": -0.6779667019844056, "test_mae_std_dev": 0.00072172828606394, "test_mae_true": 0.13382040925502592}
