{"_runtime": 496.31198930740356, "generator_loss": -0.0821392562378336, "fooling": 0.5204926155231617, "discriminator_loss": 0.017807444350586996, "_timestamp": 1665669958.2258027, "epoch": 999, "_step": 1112, "kernel_scale": 0.5000000596046448, "true_log_likelihood": -2.3286361694335938, "true_mae": 0.18951544165611267, "best_epoch": 499, "log_likelihood": -1.7478857040405273, "mae": 0.2986690104007721, "test_mae_true": 0.2715252935886383, "test_mae_std_dev": 0.001596340788131167, "test_log_likelihood_true": -0.8371341228485107, "test_log_likelihood_mean": -0.8342561364173889, "test_mae_mean": 0.27089465260505674, "test_log_likelihood_std_dev": 0.0015284156574849688}
