{"epoch": 999, "discriminator_loss": -1.4599552061184342, "_step": 1112, "generator_loss": 0.017618714345069265, "_timestamp": 1665655963.3263214, "_runtime": 2840.691153526306, "fooling": 0.4862283073275922, "kernel_scale": 0.030703481286764145, "true_mae": 0.8275082111358643, "true_log_likelihood": -1.3932312726974487, "best_epoch": 479, "log_likelihood": -1.2939614057540894, "mae": 0.7745517492294312, "test_log_likelihood_mean": -1.2953986048698425, "test_log_likelihood_std_dev": 0.005481026973764313, "test_log_likelihood_true": -1.2967392206192017, "test_mae_std_dev": 0.002737655250580183, "test_mae_mean": 0.7454478502273559, "test_mae_true": 0.7441773414611816}
