{"_runtime": 756.2917726039886, "discriminator_loss": 3.2010907411575316, "fooling": -3.2010907411575316, "_timestamp": 1665579872.1606658, "_step": 1412, "generator_loss": 3.2010907411575316, "epoch": 999, "kernel_scale": 0.5000000596046448, "true_log_likelihood": -3.671503782272339, "true_mae": 1.3463889360427856, "best_epoch": 109, "log_likelihood": -3.593137741088867, "mae": 1.3478771448135376, "test_mae_mean": 1.3870002388954163, "test_log_likelihood_std_dev": 0.00040798018737938047, "test_log_likelihood_true": -3.7374725341796875, "test_log_likelihood_mean": -3.7373911142349243, "test_mae_std_dev": 0.00011654566228865186, "test_mae_true": 1.386831283569336}
