{"_step": 1412, "epoch": 999, "_timestamp": 1665561830.781178, "fooling": 0.30557026025766393, "_runtime": 1542.9427738189697, "generator_loss": -684.3653049429506, "discriminator_loss": 4497176.314484864, "kernel_scale": 0.0010000000474974513, "true_mae": 9.741732597351074, "true_log_likelihood": -2.582911252975464, "best_epoch": 154, "log_likelihood": -0.14955492317676544, "mae": 0.8604394197463989, "test_mae_mean": 0.8546169638633728, "test_log_likelihood_std_dev": 0.01121654905848029, "test_mae_std_dev": 0.0017348072641722532, "test_log_likelihood_mean": -0.17585332989692687, "test_log_likelihood_true": -0.18009939789772034, "test_mae_true": 0.8566385507583618}
