{"generator_loss": 0.1186241050147348, "_timestamp": 1665669261.0530245, "_step": 1112, "epoch": 999, "fooling": 0.4705524301087415, "discriminator_loss": -0.003119883299977691, "_runtime": 495.4803750514984, "kernel_scale": 0.5000000596046448, "true_log_likelihood": -1.9977686405181885, "true_mae": 0.19447942078113556, "best_epoch": 639, "log_likelihood": -1.2249501943588257, "mae": 0.2729867398738861, "test_log_likelihood_true": -0.795397162437439, "test_mae_mean": 0.2656296998262405, "test_mae_true": 0.2676452100276947, "test_log_likelihood_std_dev": 0.0040907933291401705, "test_mae_std_dev": 0.0007427059366632662, "test_log_likelihood_mean": -0.7954817473888397}
