{"_step": 1412, "discriminator_loss": 1.3955927622318267, "generator_loss": 1.3955927622318267, "_timestamp": 1665544722.7298572, "_runtime": 704.8510251045227, "epoch": 999, "fooling": -1.3955927622318267, "kernel_scale": 0.5000000596046448, "true_log_likelihood": -1.9378807544708252, "true_mae": 0.8359568119049072, "best_epoch": 4, "log_likelihood": -1.8733936548233032, "mae": 0.8370658159255981, "test_log_likelihood_mean": -1.9106525421142577, "test_log_likelihood_std_dev": 0.0010146001348171015, "test_log_likelihood_true": -1.9102940559387207, "test_mae_std_dev": 0.0002654612733520219, "test_mae_mean": 0.8539180815219879, "test_mae_true": 0.853788435459137}
