{"_step": 1112, "fooling": 0.48085967182035905, "_timestamp": 1665642542.4332805, "generator_loss": 0.08196807063762547, "_runtime": 2483.8129258155823, "epoch": 999, "discriminator_loss": -0.16888891892081284, "kernel_scale": 0.07460272312164307, "true_log_likelihood": -0.8081182241439819, "true_mae": 0.4365741014480591, "best_epoch": 539, "log_likelihood": -0.5576289892196655, "mae": 0.35363519191741943, "test_mae_true": 0.3508654534816742, "test_mae_std_dev": 0.000817225564534524, "test_log_likelihood_std_dev": 0.006913293391411752, "test_log_likelihood_mean": -0.6456034660339356, "test_mae_mean": 0.3499431639909744, "test_log_likelihood_true": -0.6296504139900208}
