{"generator_loss": 0.5215896068208189, "_step": 1112, "fooling": -0.5215896068208189, "epoch": 999, "discriminator_loss": 0.5215896068208189, "_timestamp": 1665644478.5827973, "_runtime": 953.315301656723, "kernel_scale": 0.5000000596046448, "true_mae": 0.5726696252822876, "true_log_likelihood": -1.1118038892745972, "best_epoch": 959, "log_likelihood": -1.1080682277679443, "mae": 0.5687419772148132, "test_mae_std_dev": 7.895326192625632e-05, "test_log_likelihood_std_dev": 0.0001630884009334722, "test_log_likelihood_mean": -1.0957326292991638, "test_log_likelihood_true": -1.0959479808807373, "test_mae_true": 0.5559599995613098, "test_mae_mean": 0.5558274865150452}
