{"discriminator_loss": 3.1189409601688385, "_step": 1412, "epoch": 999, "fooling": -3.1189409601688385, "generator_loss": 3.1189409601688385, "_timestamp": 1665381160.7064025, "_runtime": 691.8985121250153, "kernel_scale": 0.5000000596046448, "true_log_likelihood": -4.042797088623047, "true_mae": 1.2637081146240234, "best_epoch": 4, "log_likelihood": -3.605626106262207, "mae": 1.2780742645263672, "test_mae_mean": 1.2515827655792235, "test_log_likelihood_mean": -3.421388602256775, "test_log_likelihood_std_dev": 0.0026398856285082505, "test_mae_std_dev": 0.0002277947278674616, "test_log_likelihood_true": -3.421339750289917, "test_mae_true": 1.2521542310714722}
