{"epoch": 999, "fooling": -6.340388989448547, "generator_loss": 6.340388989448547, "discriminator_loss": 6.340388989448547, "_timestamp": 1665035770.1709588, "_step": 1412, "_runtime": 152.50629711151123, "kernel_scale": 0.5000000596046448, "true_log_likelihood": -8.46550464630127, "true_mae": 1.329557180404663, "best_epoch": 184, "log_likelihood": -8.124065399169922, "mae": 1.3877500295639038, "test_mae_true": 1.309625267982483, "test_log_likelihood_std_dev": 0.015126460405619418, "test_mae_std_dev": 0.0011010853582951073, "test_log_likelihood_true": -5.504096984863281, "test_mae_mean": 1.3106791615486144, "test_log_likelihood_mean": -5.499355411529541}
