{"_runtime": 9.55145525932312, "_timestamp": 1665667729.667652, "discriminator_loss": 0.8538992206255595, "generator_loss": 0.8538992206255595, "epoch": 19, "_step": 19, "fooling": -0.8538992206255595}
