{"true_mae": 2.097369128597396, "_runtime": 1986.9884729385376, "true_log_likelihood": -2.813670143287856, "_step": 12, "_timestamp": 1665407092.220499, "kernel_scale": 0.5000000596046448, "test_mae_true": 2.0079439942593242, "test_log_likelihood_std_dev": 0.03686070754073803, "test_mae_std_dev": 0.003606447869626544, "test_mae_mean": 2.004432129859924, "test_log_likelihood_true": -2.6900048864742856, "test_log_likelihood_mean": -4.862587738037109}
