{"epoch": 1999, "_runtime": 460.5630178451538, "_timestamp": 1665665869.2960758, "discriminator_loss": 0.18719836076100668, "generator_loss": -0.1449370640847418, "_step": 2212, "fooling": 0.5296159916453891, "kernel_scale": 0.0059038372710347176, "true_mae": 0.31017473340034485, "true_log_likelihood": -0.5630608201026917, "best_epoch": 1199, "log_likelihood": -0.20603792369365692, "mae": 0.3731284737586975, "test_log_likelihood_std_dev": 0.009576581054281066, "test_mae_mean": 0.35730566680431364, "test_mae_std_dev": 0.0035513102867677226, "test_mae_true": 0.361662894487381, "test_log_likelihood_true": -0.2231401950120926, "test_log_likelihood_mean": -0.19713278412818908}
